fecha,variacion_mensual,variacion_acumulada,variacion_anual,subyacente_mensual,subyacente_acumulada,subyacente_anual,no_subyacente_mensual,no_subyacente_acumulada,no_subyacente_anual
01/01/1969,N/E,N/E,N/E,N/E,N/E,N/E,N/E,N/E,N/E
01/02/1969,0.36,N/E,N/E,N/E,N/E,N/E,N/E,N/E,N/E
01/03/1969,0.1,N/E,N/E,N/E,N/E,N/E,N/E,N/E,N/E
01/04/1969,0.27,N/E,N/E,N/E,N/E,N/E,N/E,N/E,N/E
01/05/1969,0,N/E,N/E,N/E,N/E,N/E,N/E,N/E,N/E
01/06/1969,0.36,N/E,N/E,N/E,N/E,N/E,N/E,N/E,N/E
01/07/1969,0.38,N/E,N/E,N/E,N/E,N/E,N/E,N/E,N/E
01/08/1969,0.11,N/E,N/E,N/E,N/E,N/E,N/E,N/E,N/E
01/09/1969,0.94,N/E,N/E,N/E,N/E,N/E,N/E,N/E,N/E
01/10/1969,1.05,N/E,N/E,N/E,N/E,N/E,N/E,N/E,N/E
01/11/1969,0.01,N/E,N/E,N/E,N/E,N/E,N/E,N/E,N/E
01/12/1969,0.75,N/E,N/E,N/E,N/E,N/E,N/E,N/E,N/E
01/01/1970,0.76,0.76,5.2,N/E,N/E,N/E,N/E,N/E,N/E
01/02/1970,-0.01,0.75,4.81,N/E,N/E,N/E,N/E,N/E,N/E
01/03/1970,0.29,1.04,5.01,N/E,N/E,N/E,N/E,N/E,N/E
01/04/1970,0.13,1.17,4.87,N/E,N/E,N/E,N/E,N/E,N/E
01/05/1970,0.21,1.39,5.09,N/E,N/E,N/E,N/E,N/E,N/E
01/06/1970,0.61,2,5.35,N/E,N/E,N/E,N/E,N/E,N/E
01/07/1970,0.49,2.5,5.46,N/E,N/E,N/E,N/E,N/E,N/E
01/08/1970,0.46,2.98,5.84,N/E,N/E,N/E,N/E,N/E,N/E
01/09/1970,0.24,3.22,5.11,N/E,N/E,N/E,N/E,N/E,N/E
01/10/1970,0.03,3.26,4.05,N/E,N/E,N/E,N/E,N/E,N/E
01/11/1970,0.54,3.82,4.6,N/E,N/E,N/E,N/E,N/E,N/E
01/12/1970,0.85,4.69,4.69,N/E,N/E,N/E,N/E,N/E,N/E
01/01/1971,0.99,0.99,4.93,N/E,N/E,N/E,N/E,N/E,N/E
01/02/1971,0.41,1.4,5.38,N/E,N/E,N/E,N/E,N/E,N/E
01/03/1971,0.38,1.79,5.47,N/E,N/E,N/E,N/E,N/E,N/E
01/04/1971,0.51,2.31,5.87,N/E,N/E,N/E,N/E,N/E,N/E
01/05/1971,0.21,2.53,5.87,N/E,N/E,N/E,N/E,N/E,N/E
01/06/1971,0.45,2.99,5.71,N/E,N/E,N/E,N/E,N/E,N/E
01/07/1971,-0.08,2.91,5.11,N/E,N/E,N/E,N/E,N/E,N/E
01/08/1971,0.91,3.85,5.58,N/E,N/E,N/E,N/E,N/E,N/E
01/09/1971,0.33,4.19,5.67,N/E,N/E,N/E,N/E,N/E,N/E
01/10/1971,0.1,4.29,5.74,N/E,N/E,N/E,N/E,N/E,N/E
01/11/1971,0.16,4.46,5.34,N/E,N/E,N/E,N/E,N/E,N/E
01/12/1971,0.48,4.96,4.96,N/E,N/E,N/E,N/E,N/E,N/E
01/01/1972,0.44,0.44,4.4,N/E,N/E,N/E,N/E,N/E,N/E
01/02/1972,0.31,0.76,4.29,N/E,N/E,N/E,N/E,N/E,N/E
01/03/1972,0.55,1.31,4.46,N/E,N/E,N/E,N/E,N/E,N/E
01/04/1972,0.63,1.94,4.58,N/E,N/E,N/E,N/E,N/E,N/E
01/05/1972,0.2,2.15,4.57,N/E,N/E,N/E,N/E,N/E,N/E
01/06/1972,0.74,2.9,4.87,N/E,N/E,N/E,N/E,N/E,N/E
01/07/1972,0.38,3.29,5.35,N/E,N/E,N/E,N/E,N/E,N/E
01/08/1972,0.66,3.97,5.08,N/E,N/E,N/E,N/E,N/E,N/E
01/09/1972,0.46,4.44,5.22,N/E,N/E,N/E,N/E,N/E,N/E
01/10/1972,0.07,4.52,5.19,N/E,N/E,N/E,N/E,N/E,N/E
01/11/1972,0.65,5.2,5.7,N/E,N/E,N/E,N/E,N/E,N/E
01/12/1972,0.34,5.56,5.56,N/E,N/E,N/E,N/E,N/E,N/E
01/01/1973,1.45,1.45,6.62,N/E,N/E,N/E,N/E,N/E,N/E
01/02/1973,0.83,2.29,7.16,N/E,N/E,N/E,N/E,N/E,N/E
01/03/1973,0.88,3.19,7.52,N/E,N/E,N/E,N/E,N/E,N/E
01/04/1973,1.58,4.82,8.54,N/E,N/E,N/E,N/E,N/E,N/E
01/05/1973,1.06,5.94,9.47,N/E,N/E,N/E,N/E,N/E,N/E
01/06/1973,0.82,6.81,9.56,N/E,N/E,N/E,N/E,N/E,N/E
01/07/1973,2.56,9.55,11.95,N/E,N/E,N/E,N/E,N/E,N/E
01/08/1973,1.6,11.3,13,N/E,N/E,N/E,N/E,N/E,N/E
01/09/1973,2.38,13.95,15.16,N/E,N/E,N/E,N/E,N/E,N/E
01/10/1973,1.28,15.41,16.56,N/E,N/E,N/E,N/E,N/E,N/E
01/11/1973,1.23,16.83,17.23,N/E,N/E,N/E,N/E,N/E,N/E
01/12/1973,3.88,21.37,21.37,N/E,N/E,N/E,N/E,N/E,N/E
01/01/1974,3.58,3.58,23.92,N/E,N/E,N/E,N/E,N/E,N/E
01/02/1974,2.26,5.92,25.68,N/E,N/E,N/E,N/E,N/E,N/E
01/03/1974,0.77,6.74,25.54,N/E,N/E,N/E,N/E,N/E,N/E
01/04/1974,1.36,8.19,25.26,N/E,N/E,N/E,N/E,N/E,N/E
01/05/1974,0.79,9.04,24.92,N/E,N/E,N/E,N/E,N/E,N/E
01/06/1974,0.99,10.11,25.13,N/E,N/E,N/E,N/E,N/E,N/E
01/07/1974,1.45,11.71,23.76,N/E,N/E,N/E,N/E,N/E,N/E
01/08/1974,1.06,12.88,23.09,N/E,N/E,N/E,N/E,N/E,N/E
01/09/1974,1.13,14.16,21.6,N/E,N/E,N/E,N/E,N/E,N/E
01/10/1974,1.98,16.43,22.44,N/E,N/E,N/E,N/E,N/E,N/E
01/11/1974,2.78,19.66,24.31,N/E,N/E,N/E,N/E,N/E,N/E
01/12/1974,0.78,20.6,20.6,N/E,N/E,N/E,N/E,N/E,N/E
01/01/1975,1.28,1.28,17.92,N/E,N/E,N/E,N/E,N/E,N/E
01/02/1975,0.55,1.84,15.95,N/E,N/E,N/E,N/E,N/E,N/E
01/03/1975,0.63,2.48,15.79,N/E,N/E,N/E,N/E,N/E,N/E
01/04/1975,0.84,3.34,15.2,N/E,N/E,N/E,N/E,N/E,N/E
01/05/1975,1.34,4.73,15.83,N/E,N/E,N/E,N/E,N/E,N/E
01/06/1975,1.7,6.51,16.65,N/E,N/E,N/E,N/E,N/E,N/E
01/07/1975,0.8,7.36,15.91,N/E,N/E,N/E,N/E,N/E,N/E
01/08/1975,0.87,8.29,15.69,N/E,N/E,N/E,N/E,N/E,N/E
01/09/1975,0.73,9.08,15.22,N/E,N/E,N/E,N/E,N/E,N/E
01/10/1975,0.51,9.64,13.56,N/E,N/E,N/E,N/E,N/E,N/E
01/11/1975,0.7,10.4,11.27,N/E,N/E,N/E,N/E,N/E,N/E
01/12/1975,0.82,11.31,11.31,N/E,N/E,N/E,N/E,N/E,N/E
01/01/1976,1.93,1.93,12.02,N/E,N/E,N/E,N/E,N/E,N/E
01/02/1976,1.87,3.84,13.49,N/E,N/E,N/E,N/E,N/E,N/E
01/03/1976,0.98,4.86,13.89,N/E,N/E,N/E,N/E,N/E,N/E
01/04/1976,0.7,5.59,13.72,N/E,N/E,N/E,N/E,N/E,N/E
01/05/1976,0.7,6.33,13.01,N/E,N/E,N/E,N/E,N/E,N/E
01/06/1976,0.4,6.76,11.56,N/E,N/E,N/E,N/E,N/E,N/E
01/07/1976,0.85,7.66,11.62,N/E,N/E,N/E,N/E,N/E,N/E
01/08/1976,0.96,8.69,11.72,N/E,N/E,N/E,N/E,N/E,N/E
01/09/1976,3.41,12.4,14.69,N/E,N/E,N/E,N/E,N/E,N/E
01/10/1976,5.63,18.73,20.53,N/E,N/E,N/E,N/E,N/E,N/E
01/11/1976,4.52,24.09,25.1,N/E,N/E,N/E,N/E,N/E,N/E
01/12/1976,2.51,27.2,27.2,N/E,N/E,N/E,N/E,N/E,N/E
01/01/1977,3.19,3.19,28.77,N/E,N/E,N/E,N/E,N/E,N/E
01/02/1977,2.21,5.46,29.19,N/E,N/E,N/E,N/E,N/E,N/E
01/03/1977,1.74,7.3,30.17,N/E,N/E,N/E,N/E,N/E,N/E
01/04/1977,1.51,8.93,31.22,N/E,N/E,N/E,N/E,N/E,N/E
01/05/1977,0.88,9.88,31.45,N/E,N/E,N/E,N/E,N/E,N/E
01/06/1977,1.23,11.23,32.53,N/E,N/E,N/E,N/E,N/E,N/E
01/07/1977,1.13,12.49,32.91,N/E,N/E,N/E,N/E,N/E,N/E
01/08/1977,2.05,14.8,34.35,N/E,N/E,N/E,N/E,N/E,N/E
01/09/1977,1.77,16.83,32.22,N/E,N/E,N/E,N/E,N/E,N/E
01/10/1977,0.76,17.73,26.13,N/E,N/E,N/E,N/E,N/E,N/E
01/11/1977,1.09,19.01,22,N/E,N/E,N/E,N/E,N/E,N/E
01/12/1977,1.38,20.66,20.66,N/E,N/E,N/E,N/E,N/E,N/E
01/01/1978,2.22,2.22,19.53,N/E,N/E,N/E,N/E,N/E,N/E
01/02/1978,1.44,3.69,18.63,N/E,N/E,N/E,N/E,N/E,N/E
01/03/1978,1.04,4.77,17.81,N/E,N/E,N/E,N/E,N/E,N/E
01/04/1978,1.11,5.94,17.35,N/E,N/E,N/E,N/E,N/E,N/E
01/05/1978,0.98,6.97,17.46,N/E,N/E,N/E,N/E,N/E,N/E
01/06/1978,1.38,8.44,17.64,N/E,N/E,N/E,N/E,N/E,N/E
01/07/1978,1.7,10.28,18.3,N/E,N/E,N/E,N/E,N/E,N/E
01/08/1978,1,11.38,17.07,N/E,N/E,N/E,N/E,N/E,N/E
01/09/1978,1.14,12.65,16.35,N/E,N/E,N/E,N/E,N/E,N/E
01/10/1978,1.21,14.02,16.86,N/E,N/E,N/E,N/E,N/E,N/E
01/11/1978,1.03,15.19,16.79,N/E,N/E,N/E,N/E,N/E,N/E
01/12/1978,0.85,16.17,16.17,N/E,N/E,N/E,N/E,N/E,N/E
01/01/1979,3.55,3.55,17.68,N/E,N/E,N/E,N/E,N/E,N/E
01/02/1979,1.44,5.04,17.68,N/E,N/E,N/E,N/E,N/E,N/E
01/03/1979,1.36,6.46,18.05,N/E,N/E,N/E,N/E,N/E,N/E
01/04/1979,0.9,7.42,17.8,N/E,N/E,N/E,N/E,N/E,N/E
01/05/1979,1.31,8.82,18.18,N/E,N/E,N/E,N/E,N/E,N/E
01/06/1979,1.11,10.03,17.87,N/E,N/E,N/E,N/E,N/E,N/E
01/07/1979,1.21,11.36,17.31,N/E,N/E,N/E,N/E,N/E,N/E
01/08/1979,1.51,13.05,17.91,N/E,N/E,N/E,N/E,N/E,N/E
01/09/1979,1.23,14.44,18.01,N/E,N/E,N/E,N/E,N/E,N/E
01/10/1979,1.75,16.44,18.63,N/E,N/E,N/E,N/E,N/E,N/E
01/11/1979,1.29,17.93,18.93,N/E,N/E,N/E,N/E,N/E,N/E
01/12/1979,1.77,20.02,20.02,N/E,N/E,N/E,N/E,N/E,N/E
01/01/1980,4.88,4.88,21.56,N/E,N/E,N/E,N/E,N/E,N/E
01/02/1980,2.31,7.3,22.6,N/E,N/E,N/E,N/E,N/E,N/E
01/03/1980,2.06,9.51,23.45,N/E,N/E,N/E,N/E,N/E,N/E
01/04/1980,1.75,11.42,24.49,N/E,N/E,N/E,N/E,N/E,N/E
01/05/1980,1.63,13.24,24.89,N/E,N/E,N/E,N/E,N/E,N/E
01/06/1980,1.98,15.48,25.97,N/E,N/E,N/E,N/E,N/E,N/E
01/07/1980,2.79,18.71,27.94,N/E,N/E,N/E,N/E,N/E,N/E
01/08/1980,2.07,21.17,28.64,N/E,N/E,N/E,N/E,N/E,N/E
01/09/1980,1.11,22.51,28.49,N/E,N/E,N/E,N/E,N/E,N/E
01/10/1980,1.51,24.37,28.2,N/E,N/E,N/E,N/E,N/E,N/E
01/11/1980,1.73,26.53,28.77,N/E,N/E,N/E,N/E,N/E,N/E
01/12/1980,2.62,29.85,29.85,N/E,N/E,N/E,N/E,N/E,N/E
01/01/1981,3.22,3.22,27.8,N/E,N/E,N/E,N/E,N/E,N/E
01/02/1981,2.46,5.76,27.98,N/E,N/E,N/E,N/E,N/E,N/E
01/03/1981,2.14,8.02,28.08,N/E,N/E,N/E,N/E,N/E,N/E
01/04/1981,2.26,10.46,28.72,N/E,N/E,N/E,N/E,N/E,N/E
01/05/1981,1.51,12.13,28.57,N/E,N/E,N/E,N/E,N/E,N/E
01/06/1981,1.4,13.69,27.83,N/E,N/E,N/E,N/E,N/E,N/E
01/07/1981,1.76,15.7,26.55,N/E,N/E,N/E,N/E,N/E,N/E
01/08/1981,2.06,18.08,26.54,N/E,N/E,N/E,N/E,N/E,N/E
01/09/1981,1.86,20.28,27.47,N/E,N/E,N/E,N/E,N/E,N/E
01/10/1981,2.22,22.95,28.36,N/E,N/E,N/E,N/E,N/E,N/E
01/11/1981,1.92,25.31,28.6,N/E,N/E,N/E,N/E,N/E,N/E
01/12/1981,2.69,28.68,28.68,N/E,N/E,N/E,N/E,N/E,N/E
01/01/1982,4.97,4.97,30.86,N/E,N/E,N/E,N/E,N/E,N/E
01/02/1982,3.93,9.09,32.74,4.27,N/E,N/E,2.87,N/E,N/E
01/03/1982,3.65,13.08,34.71,4.28,N/E,N/E,1.67,N/E,N/E
01/04/1982,5.42,19.21,38.88,5.76,N/E,N/E,4.31,N/E,N/E
01/05/1982,5.62,25.91,44.5,6.21,N/E,N/E,3.68,N/E,N/E
01/06/1982,4.82,31.97,49.37,5.25,N/E,N/E,3.36,N/E,N/E
01/07/1982,5.15,38.77,54.35,5.02,N/E,N/E,5.6,N/E,N/E
01/08/1982,11.22,54.34,68.21,9.56,N/E,N/E,16.9,N/E,N/E
01/09/1982,5.34,62.58,73.95,5.5,N/E,N/E,4.82,N/E,N/E
01/10/1982,5.18,71.01,79,5.83,N/E,N/E,3.09,N/E,N/E
01/11/1982,5.06,79.66,84.49,5.87,N/E,N/E,2.36,N/E,N/E
01/12/1982,10.68,98.84,98.84,7.53,N/E,N/E,21.44,N/E,N/E
01/01/1983,10.88,10.88,110.04,11.76,11.76,110.12,8.24,8.24,109.81
01/02/1983,5.37,16.83,112.95,6.22,18.7,114.04,2.71,11.17,109.5
01/03/1983,4.84,22.49,115.39,5.08,24.73,115.68,4.07,15.7,114.44
01/04/1983,6.33,30.24,117.25,5.7,31.84,115.54,8.4,25.42,122.87
01/05/1983,4.34,35.89,114.61,4.32,37.53,111.71,4.39,30.92,124.39
01/06/1983,3.79,41.04,112.5,3.85,42.83,108.9,3.57,35.6,124.85
01/07/1983,4.94,48.01,112.08,5.87,51.22,110.58,2,38.31,117.18
01/08/1983,3.88,53.75,98.08,4.73,58.36,101.3,1.09,39.81,87.8
01/09/1983,3.08,58.49,93.83,3.37,63.7,97.23,2.09,42.73,82.91
01/10/1983,3.32,63.74,90.39,3.23,68.99,92.38,3.61,47.88,83.83
01/11/1983,5.87,73.36,91.87,5.81,78.81,92.26,6.1,56.9,90.54
01/12/1983,4.28,80.78,80.78,4.35,86.59,86.59,4.02,63.21,63.21
01/01/1984,6.35,6.35,73.4,5.35,5.35,75.89,9.82,9.82,65.59
01/02/1984,5.28,11.97,73.25,5.85,11.51,75.28,3.38,13.53,66.67
01/03/1984,4.27,16.75,72.31,4.26,16.26,73.92,4.32,18.44,67.08
01/04/1984,4.33,21.8,69.06,3.4,20.22,70.15,7.46,27.28,65.63
01/05/1984,3.32,25.84,67.41,2.92,23.72,67.85,4.62,33.16,66
01/06/1984,3.62,30.4,67.14,4.09,28.79,68.24,2.1,35.95,63.63
01/07/1984,3.28,34.67,64.49,3.58,33.4,64.61,2.28,39.05,64.09
01/08/1984,2.84,38.5,62.84,2.82,37.17,61.61,2.91,43.1,67.04
01/09/1984,2.98,42.62,62.68,3.64,42.16,62.04,0.78,44.22,64.91
01/10/1984,3.49,47.61,62.96,4.14,48.05,63.47,1.29,46.08,61.22
01/11/1984,3.43,52.67,59.2,3.34,53,59.66,3.75,51.55,57.65
01/12/1984,4.25,59.16,59.16,4.22,59.45,59.45,4.34,58.13,58.13
01/01/1985,7.42,7.42,60.75,5.25,5.25,59.29,14.99,14.99,65.58
01/02/1985,4.15,11.88,59.04,4.51,10,57.29,3.01,18.45,64.97
01/03/1985,3.87,16.22,58.43,4.57,15.02,57.76,1.62,20.37,60.71
01/04/1985,3.08,19.79,56.53,2.82,18.27,56.87,3.93,25.1,55.43
01/05/1985,2.37,22.63,55.1,2.86,21.65,56.78,0.76,26.06,49.7
01/06/1985,2.5,25.7,53.43,2.86,25.13,54.92,1.31,27.71,48.54
01/07/1985,3.48,30.08,53.73,3.5,29.51,54.8,3.42,32.08,50.2
01/08/1985,4.37,35.77,56.02,4.54,35.38,57.38,3.8,37.1,51.5
01/09/1985,3.99,41.19,57.55,4.47,41.43,58.63,2.37,40.34,53.89
01/10/1985,3.8,46.55,58.02,4.23,47.41,58.77,2.28,43.54,55.39
01/11/1985,4.61,53.31,59.82,4.73,54.39,60.9,4.19,49.56,56.05
01/12/1985,6.81,63.75,63.75,4.46,61.28,61.28,15.24,72.36,72.36
01/01/1986,8.84,8.84,65.92,8.57,8.57,66.38,9.71,9.71,64.45
01/02/1986,4.45,13.68,66.38,5.23,14.25,67.51,1.93,11.83,62.73
01/03/1986,4.65,18.96,67.62,5.29,20.29,68.66,2.52,14.64,64.16
01/04/1986,5.22,25.17,71.11,5.48,26.89,73.03,4.32,19.59,64.77
01/05/1986,5.56,32.13,76.44,5.83,34.29,78.04,4.6,25.1,71.05
01/06/1986,6.42,40.61,83.17,7.03,43.73,85.26,4.27,30.44,76.05
01/07/1986,4.99,47.63,85.84,5.02,50.94,87.97,4.89,36.83,78.56
01/08/1986,7.97,59.4,92.25,5.72,59.57,90.09,16.09,58.85,99.71
01/09/1986,6,68.96,95.96,6.28,69.6,93.4,5.06,66.89,104.96
01/10/1986,5.72,78.62,99.58,6.59,80.77,97.77,2.82,71.6,106.05
01/11/1986,6.76,90.69,103.67,6.77,93,101.62,6.73,83.15,111.07
01/12/1986,7.9,105.75,105.75,7.71,107.88,107.88,8.54,98.79,98.79
01/01/1987,8.1,8.1,104.34,8.3,8.3,107.35,7.41,7.41,94.63
01/02/1987,7.22,15.9,109.76,7.55,16.47,111.92,6.08,13.95,102.56
01/03/1987,6.61,23.56,113.69,7.04,24.66,115.44,5.12,19.78,107.7
01/04/1987,8.75,34.37,120.86,7.27,33.72,119.08,14.01,36.56,126.99
01/05/1987,7.54,44.5,125,7.23,43.4,121.98,8.56,48.25,135.58
01/06/1987,7.23,54.95,126.73,7.46,54.09,122.86,6.5,57.89,140.63
01/07/1987,8.1,67.5,133.44,8.6,67.34,130.46,6.44,68.06,144.17
01/08/1987,8.17,81.19,133.88,7.33,79.61,133.99,11.03,86.59,133.51
01/09/1987,6.59,93.13,135.18,7.47,93.02,136.59,3.7,93.49,130.48
01/10/1987,8.33,109.22,141,8.76,109.93,141.41,6.88,106.8,139.57
01/11/1987,7.93,125.82,143.65,9.29,129.44,147.12,3.22,113.46,131.69
01/12/1987,14.77,159.17,159.17,12.46,158.02,158.02,23.24,163.08,163.08
01/01/1988,15.46,15.46,176.83,13.21,13.21,169.71,23.01,23.01,201.29
01/02/1988,8.34,25.09,179.73,10.39,24.97,176.85,2.03,25.51,189.78
01/03/1988,5.12,31.5,175.83,5.97,32.43,174.1,2.29,28.38,181.96
01/04/1988,3.08,35.55,161.44,2.89,36.26,162.92,3.71,33.15,156.5
01/05/1988,1.93,38.17,147.82,1.93,38.89,149.92,1.95,35.74,140.88
01/06/1988,2.04,40.99,135.81,1.37,40.8,135.78,4.32,41.6,135.94
01/07/1988,1.67,43.34,121.79,0.98,42.18,119.23,3.97,47.23,130.48
01/08/1988,0.92,44.66,106.92,1,43.6,106.29,0.67,48.21,108.97
01/09/1988,0.57,45.49,95.24,0.23,43.93,92.39,1.69,50.71,104.91
01/10/1988,0.76,46.6,81.59,0.64,44.84,78.02,1.17,52.47,93.96
01/11/1988,1.34,48.56,70.5,0.85,46.07,64.26,2.9,56.89,93.36
01/12/1988,2.09,51.66,51.66,1.85,48.76,48.76,2.84,61.34,61.34
01/01/1989,2.45,2.45,34.56,3.18,3.18,35.59,0.18,0.18,31.39
01/02/1989,1.36,3.84,25.89,2.01,5.26,25.31,-0.73,-0.56,27.83
01/03/1989,1.08,4.96,21.05,1.37,6.71,19.87,0.15,-0.41,25.16
01/04/1989,1.5,6.53,19.2,1.22,8,17.91,2.42,2,23.6
01/05/1989,1.38,8,18.54,1.04,9.13,16.88,2.47,4.52,24.23
01/06/1989,1.21,9.31,17.58,0.93,10.15,16.37,2.12,6.74,21.62
01/07/1989,1,10.41,16.81,0.91,11.15,16.3,1.28,8.1,18.46
01/08/1989,0.95,11.46,16.85,1.17,12.45,16.5,0.27,8.39,17.99
01/09/1989,0.96,12.52,17.3,1.53,14.17,18.01,-0.87,7.45,15.03
01/10/1989,1.48,14.19,18.13,1.78,16.2,19.35,0.49,7.98,14.26
01/11/1989,1.4,15.79,18.21,1.55,18.01,20.18,0.91,8.96,12.05
01/12/1989,3.37,19.7,19.7,2.92,21.45,21.45,4.91,14.31,14.31
01/01/1990,4.83,4.83,22.48,3.85,3.85,22.23,8.01,8.01,23.24
01/02/1990,2.26,7.2,23.57,1.84,5.76,22.02,3.61,11.91,28.63
01/03/1990,1.76,9.09,24.4,1.53,7.38,22.21,2.5,14.7,31.65
01/04/1990,1.52,10.75,24.43,1.96,9.48,23.11,0.17,14.9,28.76
01/05/1990,1.75,12.68,24.89,2.31,12.01,24.66,-0.01,14.88,25.64
01/06/1990,2.2,15.16,26.11,2.51,14.82,26.6,1.22,16.28,24.52
01/07/1990,1.82,17.26,27.13,2,17.13,27.97,1.24,17.72,24.48
01/08/1990,1.7,19.26,28.08,1.81,19.24,28.78,1.37,19.34,25.85
01/09/1990,1.43,20.96,28.68,1.63,21.19,28.91,0.74,20.22,27.9
01/10/1990,1.44,22.7,28.62,1.61,23.13,28.69,0.88,21.28,28.39
01/11/1990,2.66,25.96,30.21,2.16,25.79,29.46,4.31,26.51,32.72
01/12/1990,3.15,29.93,29.93,2.85,29.37,29.37,4.15,31.76,31.76
01/01/1991,2.55,2.55,27.11,2.67,2.67,27.89,2.17,2.17,24.64
01/02/1991,1.75,4.34,26.46,1.94,4.65,28.02,1.13,3.33,21.65
01/03/1991,1.43,5.83,26.04,1.49,6.21,27.97,1.22,4.59,20.14
01/04/1991,1.05,6.94,25.45,1.09,7.37,26.88,0.89,5.52,21.01
01/05/1991,0.98,7.98,24.51,0.95,8.39,25.19,1.07,6.65,22.32
01/06/1991,1.05,9.11,23.1,0.95,9.42,23.28,1.39,8.13,22.53
01/07/1991,0.88,10.08,21.97,0.89,10.39,21.94,0.86,9.07,22.07
01/08/1991,0.7,10.84,20.76,0.91,11.4,20.87,-0.01,9.05,20.4
01/09/1991,1,11.95,20.25,1.39,12.95,20.58,-0.3,8.72,19.15
01/10/1991,1.16,13.25,19.92,1.38,14.51,20.31,0.43,9.19,18.62
01/11/1991,2.48,16.06,19.72,0.95,15.6,18.89,7.66,17.56,22.43
01/12/1991,2.35,18.79,18.79,1.78,17.65,17.65,4.18,22.47,22.47
01/01/1992,1.82,1.82,17.95,1.85,1.85,16.71,1.73,1.73,21.94
01/02/1992,1.18,3.02,17.3,1.1,2.97,15.75,1.45,3.2,22.33
01/03/1992,1.02,4.07,16.82,0.91,3.9,15.09,1.36,4.61,22.5
01/04/1992,0.89,5,16.64,0.93,4.86,14.9,0.77,5.42,22.35
01/05/1992,0.66,5.69,16.28,1.22,6.14,15.2,-1.05,4.31,19.79
01/06/1992,0.68,6.41,15.85,0.99,7.19,15.26,-0.32,3.98,17.77
01/07/1992,0.63,7.08,15.56,0.82,8.07,15.18,0.04,4.02,16.8
01/08/1992,0.61,7.74,15.46,0.87,9.01,15.13,-0.21,3.79,16.57
01/09/1992,0.87,8.67,15.32,1.12,10.23,14.82,0.07,3.86,17.01
01/10/1992,0.72,9.46,14.82,0.67,10.96,14.01,0.9,4.8,17.55
01/11/1992,0.83,10.37,12.96,0.71,11.76,13.74,1.21,6.07,10.5
01/12/1992,1.42,11.94,11.94,0.99,12.86,12.86,2.85,9.09,9.09
01/01/1993,1.25,1.25,11.32,1.26,1.26,12.21,1.25,1.25,8.57
01/02/1993,0.82,2.08,10.91,1.12,2.39,12.23,-0.14,1.1,6.86
01/03/1993,0.58,2.68,10.44,1.01,3.43,12.35,-0.81,0.28,4.57
01/04/1993,0.58,3.27,10.09,0.67,4.12,12.06,0.28,0.56,4.06
01/05/1993,0.57,3.86,10,0.44,4.58,11.2,0.99,1.56,6.21
01/06/1993,0.56,4.44,9.87,0.43,5.03,10.58,1,2.57,7.61
01/07/1993,0.48,4.94,9.7,0.41,5.46,10.14,0.7,3.29,8.32
01/08/1993,0.54,5.51,9.62,0.64,6.14,9.89,0.18,3.47,8.75
01/09/1993,0.74,6.29,9.48,0.79,6.98,9.54,0.56,4.05,9.28
01/10/1993,0.41,6.72,9.14,0.59,7.62,9.46,-0.2,3.85,8.1
01/11/1993,0.44,7.19,8.72,0.36,8.01,9.08,0.7,4.57,7.55
01/12/1993,0.76,8.01,8.01,0.37,8.42,8.42,2.04,6.71,6.71
01/01/1994,0.78,0.78,7.5,0.66,0.66,7.77,1.16,1.16,6.62
01/02/1994,0.51,1.29,7.18,0.84,1.5,7.48,-0.54,0.61,6.19
01/03/1994,0.51,1.81,7.1,0.74,2.25,7.18,-0.21,0.4,6.84
01/04/1994,0.49,2.31,7.01,0.63,2.89,7.14,0.03,0.43,6.57
01/05/1994,0.48,2.81,6.92,0.57,3.48,7.28,0.18,0.62,5.72
01/06/1994,0.5,3.32,6.85,0.52,4.02,7.38,0.42,1.04,5.12
01/07/1994,0.44,3.78,6.81,0.35,4.39,7.31,0.75,1.8,5.18
01/08/1994,0.47,4.26,6.74,0.5,4.91,7.16,0.35,2.16,5.35
01/09/1994,0.71,5.01,6.71,0.81,5.76,7.18,0.38,2.54,5.16
01/10/1994,0.52,5.56,6.83,0.51,6.3,7.09,0.58,3.14,5.98
01/11/1994,0.53,6.12,6.93,0.52,6.85,7.25,0.59,3.75,5.87
01/12/1994,0.88,7.05,7.05,0.78,7.68,7.68,1.21,5,5
01/01/1995,3.76,3.76,10.23,3.7,3.7,10.93,3.99,3.99,7.94
01/02/1995,4.24,8.16,14.31,4.57,8.44,15.04,3.13,7.25,11.93
01/03/1995,5.9,14.54,20.43,4.73,13.57,19.6,9.18,17.09,22.46
01/04/1995,7.97,23.66,29.39,7.58,22.17,27.86,9.09,27.73,33.55
01/05/1995,4.18,28.83,34.15,4.94,28.21,33.41,2.02,30.31,35.99
01/06/1995,3.17,32.92,37.72,3.41,32.58,37.24,2.48,33.54,38.78
01/07/1995,2.04,35.63,39.91,2.09,35.35,39.62,1.89,36.06,40.34
01/08/1995,1.66,37.88,41.57,1.86,37.87,41.51,1.06,37.5,41.33
01/09/1995,2.07,40.73,43.48,2.34,41.1,43.66,1.26,39.23,42.58
01/10/1995,2.06,43.63,45.66,1.75,43.56,45.43,2.99,43.4,46
01/11/1995,2.47,47.17,48.46,2.04,46.49,47.63,3.74,48.76,50.57
01/12/1995,3.26,51.97,51.97,2.81,50.6,50.6,4.58,55.57,55.57
01/01/1996,3.59,3.59,51.72,3.24,3.24,49.94,4.61,4.61,56.5
01/02/1996,2.33,6.01,48.95,2.37,5.69,46.79,2.23,6.94,55.13
01/03/1996,2.2,8.35,43.75,2.33,8.16,43.43,1.83,8.89,44.68
01/04/1996,2.84,11.43,36.93,2.75,11.14,37,3.1,12.26,36.74
01/05/1996,1.82,13.46,33.83,1.82,13.16,32.92,1.84,14.33,36.49
01/06/1996,1.63,15.31,31.82,1.72,15.1,30.74,1.37,15.89,35.01
01/07/1996,1.42,16.94,31.03,1.5,16.83,29.99,1.19,17.27,34.09
01/08/1996,1.33,18.5,30.6,1.35,18.4,29.34,1.28,18.77,34.38
01/09/1996,1.6,20.39,30,1.75,20.47,28.59,1.17,20.16,34.26
01/10/1996,1.25,21.9,28.97,1.13,21.84,27.81,1.58,22.06,32.42
01/11/1996,1.52,23.74,27.77,1.2,23.31,26.77,2.41,25,30.72
01/12/1996,3.2,27.7,27.7,2.14,25.95,25.95,6.22,32.77,32.77
01/01/1997,2.57,2.57,26.44,2.5,2.5,25.04,2.77,2.77,30.44
01/02/1997,1.68,4.3,25.64,1.74,4.28,24.26,1.53,4.34,29.54
01/03/1997,1.24,5.59,24.46,1.28,5.61,22.98,1.15,5.54,28.68
01/04/1997,1.08,6.73,22.33,1.27,6.95,21.21,0.56,6.14,25.52
01/05/1997,0.91,7.71,21.23,1.29,8.33,20.57,-0.12,6.01,23.11
01/06/1997,0.89,8.66,20.35,1.06,9.48,19.79,0.4,6.44,21.93
01/07/1997,0.87,9.61,19.7,0.82,10.38,18.99,1.01,7.51,21.72
01/08/1997,0.89,10.58,19.18,0.8,11.26,18.35,1.13,8.73,21.54
01/09/1997,1.25,11.96,18.76,1.43,12.86,17.98,0.73,9.52,21.01
01/10/1997,0.8,12.86,18.24,0.92,13.89,17.73,0.46,10.02,19.68
01/11/1997,1.12,14.12,17.77,0.99,15.02,17.49,1.48,11.65,18.59
01/12/1997,1.4,15.72,15.72,1.25,16.46,16.46,1.82,13.68,13.68
01/01/1998,2.18,2.18,15.27,1.91,1.91,15.79,2.92,2.92,13.85
01/02/1998,1.75,3.96,15.35,1.93,3.88,16.02,1.24,4.2,13.53
01/03/1998,1.17,5.18,15.27,1.11,5.03,15.83,1.34,5.6,13.74
01/04/1998,0.94,6.17,15.1,1.14,6.24,15.68,0.36,5.98,13.51
01/05/1998,0.8,7.01,14.97,1.08,7.38,15.44,0.01,5.99,13.66
01/06/1998,1.18,8.28,15.31,1.18,8.65,15.58,1.18,7.24,14.55
01/07/1998,0.96,9.32,15.41,0.77,9.48,15.52,1.51,8.87,15.11
01/08/1998,0.96,10.37,15.5,1.03,10.61,15.78,0.77,9.7,14.7
01/09/1998,1.62,12.16,15.92,1.93,12.74,16.35,0.76,10.54,14.74
01/10/1998,1.43,13.77,16.65,1.4,14.32,16.9,1.52,12.23,15.96
01/11/1998,1.77,15.78,17.41,1.14,15.63,17.08,3.56,16.22,18.34
01/12/1998,2.44,18.61,18.61,1.56,17.44,17.44,4.88,21.89,21.89
01/01/1999,2.53,2.53,19.02,2.41,2.41,18.01,2.85,2.85,21.8
01/02/1999,1.34,3.9,18.54,1.83,4.28,17.89,0.04,2.89,20.36
01/03/1999,0.93,4.87,18.26,1.58,5.92,18.43,-0.84,2.03,17.77
01/04/1999,0.92,5.83,18.23,1.2,7.19,18.49,0.13,2.16,17.51
01/05/1999,0.6,6.47,18.01,0.97,8.23,18.37,-0.44,1.71,16.98
01/06/1999,0.66,7.17,17.39,0.78,9.07,17.9,0.31,2.03,15.97
01/07/1999,0.66,7.88,17.04,0.66,9.79,17.77,0.66,2.71,15
01/08/1999,0.56,8.48,16.58,0.76,10.62,17.45,0.01,2.71,14.13
01/09/1999,0.97,9.53,15.83,1.22,11.97,16.63,0.23,2.95,13.53
01/10/1999,0.63,10.22,14.91,0.72,12.78,15.85,0.38,3.35,12.25
01/11/1999,0.89,11.2,13.92,0.64,13.49,15.27,1.64,5.04,10.17
01/12/1999,1,12.32,12.32,0.81,14.41,14.41,1.57,6.69,6.69
01/01/2000,1.34,1.34,11.02,1.29,1.29,13.17,1.48,1.48,5.27
01/02/2000,0.89,2.24,10.52,1.1,2.41,12.36,0.27,1.76,5.51
01/03/2000,0.55,2.81,10.11,0.65,3.07,11.33,0.29,2.05,6.71
01/04/2000,0.57,3.39,9.73,0.53,3.61,10.59,0.7,2.76,7.31
01/05/2000,0.37,3.78,9.48,0.44,4.07,10.01,0.19,2.95,7.98
01/06/2000,0.59,4.39,9.41,0.34,4.42,9.52,1.34,4.33,9.09
01/07/2000,0.39,4.8,9.12,0.33,4.76,9.17,0.56,4.91,8.98
01/08/2000,0.55,5.38,9.1,0.42,5.2,8.8,0.93,5.89,9.98
01/09/2000,0.73,6.15,8.85,0.77,6.01,8.32,0.62,6.54,10.4
01/10/2000,0.69,6.88,8.91,0.52,6.57,8.11,1.17,7.78,11.27
01/11/2000,0.86,7.79,8.87,0.64,7.24,8.11,1.48,9.38,11.1
01/12/2000,1.08,8.96,8.96,0.56,7.85,7.85,2.55,12.17,12.17
01/01/2001,0.55,0.55,8.11,0.74,0.74,7.26,0.03,0.03,10.57
01/02/2001,-0.07,0.49,7.09,0.75,1.5,6.89,-2.36,-2.33,7.67
01/03/2001,0.63,1.12,7.17,0.6,2.11,6.84,0.73,-1.62,8.15
01/04/2001,0.5,1.63,7.11,0.48,2.6,6.79,0.57,-1.06,8.01
01/05/2001,0.23,1.87,6.95,0.36,2.97,6.71,-0.15,-1.2,7.65
01/06/2001,0.24,2.11,6.57,0.32,3.3,6.7,-0.01,-1.21,6.21
01/07/2001,-0.26,1.84,5.88,0.15,3.46,6.51,-1.46,-2.66,4.08
01/08/2001,0.59,2.45,5.93,0.33,3.81,6.42,1.36,-1.34,4.52
01/09/2001,0.93,3.4,6.14,0.76,4.59,6.4,1.44,0.09,5.38
01/10/2001,0.45,3.87,5.89,0.25,4.86,6.12,1.03,1.12,5.24
01/11/2001,0.38,4.26,5.39,0.24,5.11,5.7,0.77,1.9,4.5
01/12/2001,0.14,4.4,4.4,0.24,5.36,5.36,-0.15,1.75,1.75
01/01/2002,0.92,0.92,4.79,0.5,0.5,5.1,2.15,2.15,3.9
01/02/2002,-0.06,0.86,4.79,0.71,1.21,5.05,-2.25,-0.15,4.02
01/03/2002,0.51,1.37,4.66,0.41,1.62,4.85,0.82,0.66,4.1
01/04/2002,0.55,1.93,4.7,0.36,1.98,4.72,1.1,1.77,4.65
01/05/2002,0.2,2.13,4.68,0.18,2.17,4.54,0.25,2.02,5.07
01/06/2002,0.49,2.63,4.94,0.13,2.3,4.34,1.53,3.58,6.69
01/07/2002,0.29,2.93,5.51,0.13,2.44,4.32,0.8,4.41,9.13
01/08/2002,0.38,3.32,5.29,0.34,2.78,4.32,0.54,4.98,8.26
01/09/2002,0.6,3.94,4.95,0.66,3.46,4.22,0.39,5.38,7.13
01/10/2002,0.44,4.4,4.94,0.23,3.7,4.2,1.22,6.67,7.33
01/11/2002,0.81,5.24,5.39,0.19,3.9,4.15,3.08,9.96,9.79
01/12/2002,0.44,5.7,5.7,0.21,4.12,4.12,1.25,11.33,11.33
01/01/2003,0.4,0.4,5.16,0.44,0.44,4.06,0.26,0.26,9.28
01/02/2003,0.28,0.68,5.52,0.5,0.94,3.84,-0.5,-0.24,11.23
01/03/2003,0.63,1.32,5.64,0.41,1.35,3.84,1.44,1.2,11.92
01/04/2003,0.17,1.49,5.25,0.34,1.7,3.83,-0.43,0.76,10.23
01/05/2003,-0.32,1.16,4.7,0.27,1.97,3.91,-2.43,-1.69,7.28
01/06/2003,0.08,1.25,4.27,0.11,2.08,3.89,-0.01,-1.7,5.65
01/07/2003,0.14,1.39,4.13,0.14,2.22,3.89,0.18,-1.53,5
01/08/2003,0.3,1.7,4.04,0.36,2.58,3.91,0.08,-1.44,4.52
01/09/2003,0.6,2.3,4.04,0.48,3.07,3.73,1.02,-0.44,5.19
01/10/2003,0.37,2.68,3.96,0.21,3.3,3.71,0.93,0.49,4.88
01/11/2003,0.83,3.53,3.98,0.26,3.57,3.78,2.9,3.41,4.7
01/12/2003,0.43,3.98,3.98,0.29,3.87,3.87,0.93,4.37,4.37
01/01/2004,0.62,0.62,4.2,0.38,0.38,3.8,1.46,1.46,5.62
01/02/2004,0.6,1.22,4.53,0.45,0.84,3.76,1.12,2.59,7.33
01/03/2004,0.34,1.57,4.23,0.37,1.21,3.72,0.24,2.84,6.06
01/04/2004,0.15,1.72,4.21,0.33,1.54,3.71,-0.47,2.35,6.02
01/05/2004,-0.25,1.46,4.29,0.23,1.77,3.67,-1.94,0.37,6.55
01/06/2004,0.16,1.63,4.37,0.27,2.05,3.83,-0.22,0.15,6.33
01/07/2004,0.26,1.89,4.49,0.17,2.22,3.87,0.58,0.73,6.76
01/08/2004,0.62,2.52,4.82,0.28,2.51,3.79,1.83,2.57,8.63
01/09/2004,0.83,3.37,5.06,0.57,3.09,3.89,1.73,4.35,9.38
01/10/2004,0.69,4.09,5.4,0.29,3.39,3.96,2.11,6.55,10.66
01/11/2004,0.85,4.97,5.43,0.24,3.64,3.94,2.97,9.71,10.73
01/12/2004,0.21,5.19,5.19,0.28,3.92,3.92,-0.04,9.67,9.67
01/01/2005,0,0,4.54,0.37,0.37,3.91,-1.24,-1.24,6.75
01/02/2005,0.33,0.34,4.27,0.39,0.76,3.85,0.15,-1.1,5.73
01/03/2005,0.45,0.79,4.39,0.29,1.05,3.77,1.02,-0.09,6.54
01/04/2005,0.36,1.15,4.6,0.19,1.24,3.62,0.92,0.83,8.04
01/05/2005,-0.25,0.89,4.6,0.19,1.44,3.58,-1.75,-0.94,8.24
01/06/2005,-0.1,0.8,4.33,0.24,1.69,3.56,-1.26,-2.18,7.12
01/07/2005,0.39,1.19,4.47,0.21,1.9,3.59,1.04,-1.17,7.61
01/08/2005,0.12,1.31,3.95,0.14,2.04,3.45,0.05,-1.12,5.72
01/09/2005,0.4,1.72,3.51,0.48,2.53,3.35,0.13,-0.99,4.06
01/10/2005,0.25,1.97,3.05,0.24,2.77,3.3,0.27,-0.73,2.18
01/11/2005,0.72,2.7,2.91,0.21,2.98,3.27,2.51,1.76,1.72
01/12/2005,0.61,3.33,3.33,0.28,3.27,3.27,1.74,3.53,3.53
01/01/2006,0.59,0.59,3.94,0.22,0.22,3.11,1.82,1.82,6.74
01/02/2006,0.15,0.74,3.75,0.33,0.55,3.05,-0.42,1.39,6.14
01/03/2006,0.13,0.87,3.41,0.4,0.94,3.16,-0.77,0.61,4.26
01/04/2006,0.15,1.01,3.2,0.34,1.29,3.32,-0.5,0.1,2.79
01/05/2006,-0.45,0.56,3,0.14,1.42,3.26,-2.41,-2.3,2.1
01/06/2006,0.09,0.65,3.18,0.3,1.73,3.32,-0.66,-2.95,2.72
01/07/2006,0.27,0.93,3.06,0.26,1.99,3.37,0.33,-2.63,1.99
01/08/2006,0.51,1.44,3.47,0.17,2.17,3.41,1.69,-0.99,3.66
01/09/2006,1.01,2.47,4.09,0.55,2.73,3.48,2.61,1.59,6.23
01/10/2006,0.44,2.91,4.29,0.23,2.97,3.47,1.14,2.74,7.15
01/11/2006,0.52,3.45,4.09,0.26,3.24,3.53,1.4,4.19,6
01/12/2006,0.58,4.05,4.05,0.4,3.65,3.65,1.18,5.42,5.42
01/01/2007,0.52,0.52,3.98,0.46,0.46,3.9,0.69,0.69,4.25
01/02/2007,0.28,0.8,4.11,0.38,0.85,3.96,-0.05,0.64,4.63
01/03/2007,0.22,1.02,4.21,0.29,1.14,3.85,-0.04,0.6,5.41
01/04/2007,-0.06,0.96,3.99,0.19,1.34,3.7,-0.9,-0.31,4.99
01/05/2007,-0.49,0.46,3.95,0.2,1.54,3.76,-2.78,-3.08,4.58
01/06/2007,0.12,0.58,3.98,0.29,1.83,3.75,-0.45,-3.51,4.81
01/07/2007,0.42,1.01,4.14,0.3,2.14,3.79,0.84,-2.7,5.35
01/08/2007,0.41,1.42,4.03,0.27,2.42,3.89,0.88,-1.84,4.51
01/09/2007,0.78,2.21,3.79,0.48,2.91,3.82,1.8,-0.08,3.69
01/10/2007,0.39,2.61,3.74,0.33,3.24,3.92,0.6,0.52,3.14
01/11/2007,0.71,3.33,3.93,0.23,3.48,3.89,2.32,2.85,4.07
01/12/2007,0.41,3.76,3.76,0.38,3.87,3.87,0.52,3.39,3.39
01/01/2008,0.46,0.46,3.7,0.43,0.43,3.84,0.56,0.56,3.26
01/02/2008,0.3,0.76,3.72,0.43,0.87,3.89,-0.14,0.42,3.16
01/03/2008,0.72,1.49,4.25,0.49,1.36,4.09,1.51,1.94,4.77
01/04/2008,0.23,1.72,4.55,0.39,1.76,4.3,-0.32,1.62,5.38
01/05/2008,-0.11,1.61,4.95,0.48,2.24,4.59,-2.04,-0.46,6.18
01/06/2008,0.41,2.03,5.26,0.47,2.72,4.78,0.22,-0.24,6.9
01/07/2008,0.56,2.6,5.39,0.4,3.13,4.88,1.09,0.85,7.16
01/08/2008,0.58,3.2,5.57,0.41,3.56,5.03,1.13,1.99,7.43
01/09/2008,0.68,3.9,5.47,0.58,4.16,5.14,1.01,3.02,6.59
01/10/2008,0.68,4.61,5.78,0.29,4.46,5.1,2,5.08,8.08
01/11/2008,1.14,5.8,6.23,0.46,4.94,5.34,3.38,8.63,9.19
01/12/2008,0.69,6.53,6.53,0.57,5.54,5.54,1.08,9.8,9.8
01/01/2009,0.23,0.23,6.28,0.44,0.44,5.54,-0.43,-0.43,8.72
01/02/2009,0.22,0.45,6.2,0.47,0.91,5.58,-0.56,-0.99,8.26
01/03/2009,0.58,1.03,6.04,0.52,1.43,5.61,0.77,-0.22,7.47
01/04/2009,0.35,1.38,6.17,0.42,1.86,5.64,0.11,-0.11,7.93
01/05/2009,-0.29,1.09,5.98,0.2,2.06,5.35,-1.88,-1.99,8.12
01/06/2009,0.18,1.28,5.74,0.25,2.32,5.12,-0.04,-2.03,7.83
01/07/2009,0.27,1.55,5.44,0.31,2.63,5.02,0.16,-1.87,6.84
01/08/2009,0.24,1.79,5.08,0.15,2.79,4.75,0.52,-1.36,6.19
01/09/2009,0.5,2.3,4.89,0.4,3.19,4.55,0.85,-0.51,6.03
01/10/2009,0.3,2.61,4.5,0.32,3.53,4.59,0.23,-0.28,4.2
01/11/2009,0.52,3.15,3.86,0.14,3.68,4.27,1.76,1.47,2.56
01/12/2009,0.41,3.57,3.57,0.47,4.16,4.16,0.25,1.72,1.72
01/01/2010,1.09,1.09,4.46,0.75,0.75,4.48,2.18,2.18,4.38
01/02/2010,0.58,1.67,4.83,0.41,1.17,4.43,1.11,3.31,6.13
01/03/2010,0.71,2.39,4.97,0.35,1.52,4.26,1.85,5.23,7.27
01/04/2010,-0.32,2.07,4.27,0.11,1.63,3.93,-1.66,3.48,5.38
01/05/2010,-0.63,1.42,3.92,0.23,1.87,3.96,-3.39,-0.02,3.76
01/06/2010,-0.03,1.39,3.69,0.14,2.01,3.85,-0.59,-0.61,3.19
01/07/2010,0.22,1.61,3.64,0.21,2.22,3.74,0.25,-0.37,3.28
01/08/2010,0.28,1.89,3.68,0.1,2.32,3.69,0.88,0.51,3.64
01/09/2010,0.52,2.43,3.7,0.36,2.69,3.65,1.06,1.58,3.86
01/10/2010,0.62,3.06,4.02,0.19,2.89,3.51,2.02,3.63,5.7
01/11/2010,0.8,3.89,4.32,0.24,3.13,3.61,2.62,6.35,6.61
01/12/2010,0.5,4.4,4.4,0.43,3.58,3.58,0.7,7.09,7.09
01/01/2011,0.49,0.49,3.78,0.46,0.46,3.27,0.57,0.57,5.39
01/02/2011,0.38,0.86,3.57,0.4,0.86,3.26,0.28,0.85,4.53
01/03/2011,0.19,1.06,3.04,0.3,1.16,3.21,-0.16,0.69,2.46
01/04/2011,-0.01,1.05,3.36,0.08,1.24,3.18,-0.28,0.4,3.9
01/05/2011,-0.74,0.3,3.25,0.18,1.42,3.12,-3.8,-3.42,3.45
01/06/2011,0,0.3,3.28,0.19,1.62,3.18,-0.7,-4.09,3.34
01/07/2011,0.48,0.78,3.55,0.22,1.84,3.19,1.38,-2.77,4.51
01/08/2011,0.16,0.94,3.42,0.12,1.97,3.22,0.29,-2.48,3.9
01/09/2011,0.25,1.19,3.14,0.27,2.24,3.12,0.17,-2.32,2.98
01/10/2011,0.67,1.87,3.2,0.26,2.5,3.19,2.12,-0.24,3.09
01/11/2011,1.08,2.97,3.48,0.32,2.83,3.28,3.67,3.41,4.13
01/12/2011,0.82,3.82,3.82,0.51,3.35,3.35,1.86,5.34,5.34
01/01/2012,0.71,0.71,4.05,0.45,0.45,3.34,1.55,1.55,6.38
01/02/2012,0.2,0.91,3.87,0.43,0.88,3.37,-0.51,1.03,5.53
01/03/2012,0.06,0.97,3.73,0.24,1.12,3.31,-0.55,0.48,5.12
01/04/2012,-0.31,0.65,3.41,0.15,1.27,3.39,-1.84,-1.37,3.49
01/05/2012,-0.32,0.34,3.85,0.27,1.54,3.48,-2.26,-3.59,5.15
01/06/2012,0.46,0.8,4.34,0.22,1.76,3.5,1.3,-2.34,7.26
01/07/2012,0.56,1.36,4.42,0.31,2.08,3.59,1.41,-0.96,7.3
01/08/2012,0.3,1.67,4.57,0.22,2.31,3.7,0.55,-0.41,7.58
01/09/2012,0.44,2.12,4.77,0.18,2.49,3.61,1.32,0.9,8.81
01/10/2012,0.51,2.63,4.6,0.23,2.72,3.58,1.42,2.34,8.07
01/11/2012,0.68,3.33,4.18,0.05,2.78,3.3,2.73,5.13,7.09
01/12/2012,0.23,3.57,3.57,0.12,2.9,2.9,0.58,5.74,5.74
01/01/2013,0.4,0.4,3.25,0.42,0.42,2.88,0.33,0.33,4.47
01/02/2013,0.49,0.9,3.55,0.51,0.94,2.96,0.44,0.78,5.47
01/03/2013,0.73,1.64,4.25,0.3,1.24,3.02,2.11,2.9,8.29
01/04/2013,0.07,1.7,4.65,0.08,1.32,2.95,0,2.9,10.32
01/05/2013,-0.33,1.37,4.63,0.2,1.52,2.88,-2.05,0.8,10.56
01/06/2013,-0.06,1.3,4.09,0.13,1.65,2.79,-0.69,0.1,8.39
01/07/2013,-0.03,1.27,3.47,0.03,1.69,2.5,-0.26,-0.15,6.6
01/08/2013,0.28,1.56,3.46,0.09,1.78,2.37,0.94,0.78,7.01
01/09/2013,0.38,1.94,3.39,0.32,2.11,2.52,0.55,1.34,6.2
01/10/2013,0.48,2.43,3.36,0.19,2.3,2.48,1.41,2.77,6.18
01/11/2013,0.93,3.38,3.62,0.14,2.44,2.56,3.54,6.4,7.02
01/12/2013,0.57,3.97,3.97,0.33,2.78,2.78,1.35,7.84,7.84
01/01/2014,0.89,0.89,4.48,0.85,0.85,3.21,1.02,1.02,8.58
01/02/2014,0.25,1.15,4.23,0.28,1.14,2.98,0.17,1.19,8.28
01/03/2014,0.27,1.43,3.76,0.21,1.35,2.89,0.46,1.65,6.54
01/04/2014,-0.19,1.24,3.5,0.29,1.65,3.11,-1.67,-0.05,4.75
01/05/2014,-0.32,0.91,3.51,0.09,1.74,3,-1.64,-1.69,5.19
01/06/2014,0.17,1.09,3.75,0.21,1.96,3.09,0.04,-1.64,5.96
01/07/2014,0.28,1.37,4.07,0.19,2.15,3.25,0.56,-1.09,6.83
01/08/2014,0.36,1.73,4.15,0.21,2.37,3.37,0.83,-0.27,6.72
01/09/2014,0.44,2.18,4.22,0.29,2.67,3.34,0.92,0.65,7.11
01/10/2014,0.55,2.74,4.3,0.17,2.84,3.32,1.79,2.45,7.51
01/11/2014,0.81,3.57,4.17,0.16,3.01,3.34,2.83,5.35,6.78
01/12/2014,0.49,4.08,4.08,0.23,3.24,3.24,1.28,6.7,6.7
01/01/2015,-0.09,-0.09,3.07,-0.03,-0.03,2.34,-0.27,-0.27,5.34
01/02/2015,0.19,0.1,3,0.34,0.31,2.4,-0.27,-0.53,4.88
01/03/2015,0.41,0.51,3.14,0.26,0.57,2.45,0.85,0.31,5.29
01/04/2015,-0.26,0.25,3.06,0.16,0.73,2.31,-1.51,-1.21,5.46
01/05/2015,-0.5,-0.26,2.88,0.12,0.84,2.33,-2.4,-3.58,4.64
01/06/2015,0.17,-0.09,2.87,0.21,1.05,2.33,0.04,-3.55,4.63
01/07/2015,0.15,0.06,2.74,0.17,1.23,2.31,0.07,-3.48,4.12
01/08/2015,0.21,0.27,2.59,0.2,1.43,2.3,0.24,-3.25,3.51
01/09/2015,0.37,0.65,2.52,0.37,1.81,2.38,0.39,-2.87,2.96
01/10/2015,0.51,1.16,2.48,0.25,2.06,2.47,1.35,-1.56,2.52
01/11/2015,0.55,1.72,2.21,0.04,2.1,2.34,2.15,0.56,1.84
01/12/2015,0.41,2.13,2.13,0.31,2.41,2.41,0.72,1.28,1.28
01/01/2016,0.38,0.38,2.61,0.19,0.19,2.64,0.96,0.96,2.52
01/02/2016,0.44,0.82,2.87,0.36,0.55,2.66,0.68,1.64,3.49
01/03/2016,0.15,0.97,2.6,0.36,0.91,2.76,-0.49,1.14,2.12
01/04/2016,-0.32,0.65,2.54,0.22,1.13,2.83,-1.96,-0.83,1.66
01/05/2016,-0.45,0.2,2.6,0.21,1.35,2.93,-2.51,-3.32,1.55
01/06/2016,0.11,0.31,2.54,0.25,1.61,2.97,-0.35,-3.66,1.16
01/07/2016,0.26,0.57,2.65,0.17,1.78,2.97,0.55,-3.13,1.65
01/08/2016,0.28,0.86,2.73,0.19,1.98,2.96,0.58,-2.57,1.99
01/09/2016,0.61,1.47,2.97,0.48,2.46,3.07,1.04,-1.55,2.65
01/10/2016,0.61,2.09,3.06,0.28,2.75,3.1,1.65,0.07,2.95
01/11/2016,0.78,2.89,3.31,0.22,2.98,3.29,2.54,2.61,3.34
01/12/2016,0.46,3.36,3.36,0.45,3.44,3.44,0.51,3.13,3.13
01/01/2017,1.7,1.7,4.72,0.58,0.58,3.84,5.14,5.14,7.4
01/02/2017,0.58,2.29,4.86,0.76,1.35,4.26,0.03,5.18,6.71
01/03/2017,0.61,2.92,5.35,0.57,1.93,4.48,0.73,5.95,8.02
01/04/2017,0.12,3.04,5.82,0.45,2.39,4.72,-0.84,5.05,9.25
01/05/2017,-0.12,2.92,6.16,0.28,2.67,4.78,-1.3,3.69,10.6
01/06/2017,0.25,3.18,6.31,0.3,2.98,4.83,0.09,3.78,11.09
01/07/2017,0.38,3.57,6.44,0.27,3.26,4.94,0.72,4.52,11.27
01/08/2017,0.49,4.08,6.66,0.25,3.52,5,1.22,5.8,11.98
01/09/2017,0.31,4.41,6.35,0.28,3.81,4.8,0.41,6.23,11.28
01/10/2017,0.63,5.06,6.37,0.25,4.07,4.77,1.76,8.1,11.4
01/11/2017,1.03,6.15,6.63,0.34,4.43,4.9,3.06,11.41,11.97
01/12/2017,0.59,6.77,6.77,0.42,4.87,4.87,1.09,12.62,12.62
01/01/2018,0.53,0.53,5.55,0.28,0.28,4.56,1.24,1.24,8.44
01/02/2018,0.38,0.91,5.34,0.49,0.77,4.27,0.08,1.32,8.49
01/03/2018,0.32,1.24,5.04,0.33,1.11,4.02,0.3,1.63,8.03
01/04/2018,-0.34,0.9,4.55,0.15,1.25,3.71,-1.72,-0.12,7.07
01/05/2018,-0.16,0.73,4.51,0.26,1.51,3.69,-1.38,-1.5,6.99
01/06/2018,0.39,1.12,4.65,0.23,1.75,3.62,0.84,-0.67,7.79
01/07/2018,0.54,1.66,4.81,0.29,2.04,3.63,1.27,0.59,8.38
01/08/2018,0.58,2.26,4.9,0.25,2.29,3.63,1.61,2.21,8.8
01/09/2018,0.42,2.69,5.02,0.32,2.62,3.67,0.73,2.96,9.15
01/10/2018,0.52,3.22,4.9,0.31,2.94,3.73,1.15,4.14,8.5
01/11/2018,0.85,4.1,4.72,0.25,3.2,3.63,2.66,6.91,8.07
01/12/2018,0.7,4.83,4.83,0.47,3.68,3.68,1.39,8.4,8.4
01/01/2019,0.09,0.09,4.37,0.2,0.2,3.6,-0.25,-0.25,6.81
01/02/2019,-0.03,0.06,3.94,0.43,0.63,3.54,-1.38,-1.62,5.25
01/03/2019,0.39,0.44,4,0.34,0.98,3.55,0.51,-1.12,5.47
01/04/2019,0.05,0.5,4.41,0.46,1.44,3.87,-1.15,-2.26,6.08
01/05/2019,-0.29,0.21,4.28,0.16,1.6,3.77,-1.66,-3.88,5.78
01/06/2019,0.06,0.27,3.95,0.3,1.91,3.85,-0.68,-4.53,4.19
01/07/2019,0.38,0.65,3.78,0.26,2.18,3.82,0.74,-3.82,3.64
01/08/2019,-0.02,0.63,3.16,0.2,2.39,3.78,-0.7,-4.5,1.28
01/09/2019,0.26,0.89,3,0.3,2.69,3.75,0.15,-4.35,0.71
01/10/2019,0.54,1.44,3.02,0.25,2.94,3.68,1.46,-2.95,1.01
01/11/2019,0.81,2.26,2.97,0.22,3.17,3.65,2.62,-0.41,0.98
01/12/2019,0.56,2.83,2.83,0.41,3.59,3.59,1,0.59,0.59
01/01/2020,0.48,0.48,3.24,0.33,0.33,3.73,0.96,0.96,1.81
01/02/2020,0.42,0.9,3.7,0.36,0.69,3.66,0.57,1.53,3.81
01/03/2020,-0.05,0.85,3.25,0.29,0.99,3.6,-1.06,0.45,2.19
01/04/2020,-1.01,-0.17,2.15,0.36,1.35,3.5,-5.17,-4.74,-1.96
01/05/2020,0.38,0.22,2.84,0.3,1.65,3.64,0.66,-4.1,0.35
01/06/2020,0.55,0.76,3.33,0.37,2.03,3.71,1.12,-3.03,2.16
01/07/2020,0.66,1.43,3.62,0.4,2.43,3.85,1.48,-1.6,2.92
01/08/2020,0.39,1.82,4.05,0.32,2.75,3.97,0.63,-0.97,4.3
01/09/2020,0.23,2.06,4.01,0.32,3.08,3.99,-0.04,-1.01,4.1
01/10/2020,0.61,2.68,4.09,0.24,3.33,3.98,1.77,0.74,4.42
01/11/2020,0.08,2.76,3.33,-0.08,3.24,3.66,0.56,1.31,2.33
01/12/2020,0.38,3.15,3.15,0.55,3.8,3.8,-0.13,1.18,1.18
01/01/2021,0.86,0.86,3.54,0.36,0.36,3.84,2.4,2.4,2.63
01/02/2021,0.63,1.5,3.76,0.39,0.75,3.87,1.36,3.79,3.43
01/03/2021,0.83,2.34,4.67,0.54,1.3,4.12,1.69,5.55,6.31
01/04/2021,0.33,2.67,6.08,0.37,1.67,4.13,0.21,5.76,12.34
01/05/2021,0.2,2.88,5.89,0.53,2.2,4.37,-0.75,4.97,10.76
01/06/2021,0.53,3.43,5.88,0.57,2.79,4.58,0.42,5.41,10
01/07/2021,0.59,4.04,5.81,0.48,3.28,4.66,0.93,6.39,9.39
01/08/2021,0.19,4.24,5.59,0.43,3.72,4.78,-0.52,5.84,8.14
01/09/2021,0.62,4.88,6,0.46,4.19,4.92,1.1,7,9.37
01/10/2021,0.84,5.76,6.24,0.49,4.71,5.19,1.87,9,9.47
01/11/2021,1.14,6.97,7.37,0.37,5.09,5.67,3.45,12.75,12.61
01/12/2021,0.36,7.36,7.36,0.8,5.94,5.94,-0.9,11.74,11.74
01/01/2022,0.59,0.59,7.07,0.62,0.62,6.21,0.52,0.52,9.68
01/02/2022,0.83,1.43,7.28,0.76,1.38,6.59,1.04,1.56,9.34
01/03/2022,0.99,2.43,7.45,0.72,2.1,6.78,1.79,3.39,9.45
01/04/2022,0.54,2.98,7.68,0.78,2.9,7.22,-0.14,3.24,9.07
01/05/2022,0.18,3.17,7.65,0.59,3.5,7.28,-1.02,2.18,8.77
01/06/2022,0.84,4.04,7.99,0.77,4.3,7.49,1.07,3.27,9.47
01/07/2022,0.74,4.81,8.15,0.62,4.95,7.65,1.09,4.4,9.65
01/08/2022,0.7,5.54,8.7,0.8,5.79,8.05,0.39,4.8,10.65
01/09/2022,0.62,6.19,8.7,0.67,6.5,8.28,0.47,5.3,9.96
01/10/2022,0.57,6.79,8.41,0.63,7.17,8.42,0.38,5.7,8.36
01/11/2022,0.58,7.41,7.8,0.45,7.65,8.51,0.94,6.7,5.73
01/12/2022,0.38,7.82,7.82,0.65,8.35,8.35,-0.4,6.27,6.27
01/01/2023,0.68,0.68,7.91,0.71,0.71,8.45,0.57,0.57,6.32
01/02/2023,0.56,1.24,7.62,0.61,1.33,8.29,0.4,0.97,5.65
01/03/2023,0.27,1.51,6.85,0.52,1.86,8.09,-0.5,0.47,3.27
01/04/2023,-0.02,1.49,6.25,0.39,2.26,7.67,-1.25,-0.79,2.12
01/05/2023,-0.22,1.27,5.84,0.32,2.59,7.39,-1.88,-2.66,1.24
01/06/2023,0.1,1.37,5.06,0.3,2.89,6.89,-0.52,-3.17,-0.36
01/07/2023,0.48,1.86,4.79,0.39,3.3,6.64,0.77,-2.42,-0.67
01/08/2023,0.55,2.42,4.64,0.27,3.58,6.08,1.44,-1.01,0.37
01/09/2023,0.44,2.88,4.45,0.36,3.95,5.76,0.7,-0.32,0.6
01/10/2023,0.38,3.27,4.26,0.39,4.35,5.5,0.34,0.02,0.56
01/11/2023,0.64,3.93,4.32,0.26,4.63,5.3,1.81,1.83,1.43
01/12/2023,0.71,4.66,4.66,0.44,5.09,5.09,1.53,3.39,3.39
01/01/2024,0.89,0.89,4.88,0.4,0.4,4.76,2.37,2.37,5.24
01/02/2024,0.09,0.99,4.4,0.49,0.9,4.64,-1.1,1.25,3.67
01/03/2024,0.29,1.28,4.42,0.44,1.34,4.55,-0.16,1.09,4.03
01/04/2024,0.2,1.48,4.65,0.21,1.55,4.37,0.18,1.27,5.54
01/05/2024,-0.19,1.29,4.69,0.17,1.73,4.21,-1.28,-0.02,6.19
01/06/2024,0.38,1.68,4.98,0.22,1.95,4.13,0.87,0.85,7.67
01/07/2024,1.05,2.74,5.57,0.32,2.27,4.05,3.29,4.16,10.36
01/08/2024,0.01,2.75,4.99,0.22,2.5,4,-0.7,3.43,8.03
01/09/2024,0.05,2.8,4.58,0.28,2.79,3.91,-0.72,2.69,6.5
01/10/2024,0.55,3.37,4.76,0.28,3.08,3.8,1.46,4.18,7.68
01/11/2024,0.44,3.82,4.55,0.05,3.13,3.58,1.73,5.98,7.6
01/12/2024,0.38,4.21,4.21,0.51,3.65,3.65,-0.04,5.95,5.95
01/01/2025,0.29,0.29,3.59,0.41,0.41,3.66,-0.14,-0.14,3.34
